time(millisecond),datetime(utc),latitude,longitude,height_above_takeoff(feet),height_above_ground_at_drone_location(feet),ground_elevation_at_drone_location(feet),altitude_above_seaLevel(feet),height_sonar(feet),speed(mph),distance(feet),mileage(feet),satellites,gpslevel,voltage(v),max_altitude(feet),max_ascent(feet),max_speed(mph),max_distance(feet), xSpeed(mph), ySpeed(mph), zSpeed(mph), compass_heading(degrees), pitch(degrees), roll(degrees),isPhoto,isVideo,rc_elevator,rc_aileron,rc_throttle,rc_rudder,rc_elevator(percent),rc_aileron(percent),rc_throttle(percent),rc_rudder(percent),gimbal_heading(degrees),gimbal_pitch(degrees),gimbal_roll(degrees),battery_percent,voltageCell1,voltageCell2,voltageCell3,voltageCell4,voltageCell5,voltageCell6,current(A),battery_temperature(f),altitude(feet),ascent(feet),flycStateRaw,flycState,message
205100,2023-06-20 07:11:31,0,0,0,,,3.28084E-5,0,0,0,0,0,0,0,3.28084E-5,0,0,0,0,0,0,296.4, 3.8, -0.4,0,0,1024,1024,1024,1024,0,0,0,0,296.5,3,-0.1,54,3.874,3.867,0,0,0,0,0,100.58,3.28084E-5,0,41,Motors_Started,"No GPS. Fly with caution GPS signal weak. Hovering unstable. Fly with caution (Code: 30002)"
205200,2023-06-20 07:11:31,0,0,0,,,3.28084E-5,0,0,0,0,0,0,0,3.28084E-5,0,0,0,0,0,0,296.4, 3.8, -0.4,0,0,1024,1024,1024,1024,0,0,0,0,296.5,3,0,54,3.874,3.867,0,0,0,0,0,100.58,3.28084E-5,0,41,Motors_Started,
205300,2023-06-20 07:11:31,0,0,0,,,3.28084E-5,0.328084,0,0,0,0,0,0,3.28084E-5,0,0,0,0,0,0,296.4, 3.8, -0.5,0,0,1024,1024,1024,1024,0,0,0,0,296.5,3,0,54,3.874,3.867,0,0,0,0,0,100.58,3.28084E-5,0,41,Motors_Started,
205400,2023-06-20 07:11:31,0,0,0,,,3.28084E-5,0.328084,0,0,0,0,0,0,3.28084E-5,0,0,0,0,0,0,296.6, 3.8, -0.2,0,0,1024,1024,1024,1024,0,0,0,0,296.5,3,0,54,3.874,3.867,0,0,0,0,0,100.58,3.28084E-5,0,41,Motors_Started,
205500,2023-06-20 07:11:31,0,0,0,,,3.28084E-5,0.328084,0,0,0,0,0,0,3.28084E-5,0,0,0,0,0,0,296.4, 3.8, -0.5,0,0,1024,1024,1024,1024,0,0,0,0,296.5,3,0,54,3.874,3.867,0,0,0,0,0,100.58,3.28084E-5,0,41,Motors_Started,
205600,2023-06-20 07:11:31,0,0,0,,,3.28084E-5,0.328084,0,0,0,0,0,0,3.28084E-5,0,0,0,0,0,0,296.4, 3.7, -0.5,0,0,1024,1024,1024,1024,0,0,0,0,296.5,3,0,54,3.874,3.867,0,0,0,0,0,100.58,3.28084E-5,0,41,Motors_Started,"Setting new Return-To-Home altitude to 18m (59 ft). Data Recorder File Index is 81. Setting new Maximum Flight Altitude to 25m (82 ft)"
205700,2023-06-20 07:11:31,0,0,0,,,3.28084E-5,0.328084,0,0,0,0,0,0,3.28084E-5,0,0,0,0,0,0,296.4, 3.8, -0.5,0,0,1024,1024,1024,1024,0,0,0,0,296.5,3,0,54,3.874,3.867,0,0,0,0,0,100.58,3.28084E-5,0,41,Motors_Started,
205800,2023-06-20 07:11:31,0,0,0,,,3.28084E-5,0.328084,0,0,0,0,0,0,3.28084E-5,0,0,0,0,0,0,296.4, 3.7, -0.4,0,0,1024,1024,1024,1024,0,0,0,0,296.5,3,0,54,3.874,3.867,0,0,0,0,0,100.58,3.28084E-5,0,41,Motors_Started,
205900,2023-06-20 07:11:32,0,0,0,,,3.28084E-5,0.328084,0,0,0,0,0,7.741,3.28084E-5,0,0,0,0,0,0,296.5, 3.8, -0.4,0,0,1024,1024,1024,1024,0,0,0,0,296.5,3,0,54,3.874,3.867,0,0,0,0,1.132,100.58,3.28084E-5,0,41,Motors_Started,
206000,2023-06-20 07:11:32,0,0,0,,,3.28084E-5,0.328084,0,0,0,0,0,7.741,3.28084E-5,0,0,0,0,0,0,296.4, 3.7, -0.4,0,0,1024,1024,1024,1024,0,0,0,0,296.5,3,0,54,3.874,3.867,0,0,0,0,1.132,100.58,3.28084E-5,0,41,Motors_Started,
206100,2023-06-20 07:11:32,0,0,0,,,3.28084E-5,0.328084,0,0,0,0,0,7.741,3.28084E-5,0,0,0,0,0,0,296.4, 3.7, -0.5,0,0,1024,1024,1024,1024,0,0,0,0,296.5,3,0,54,3.874,3.867,0,0,0,0,1.132,100.58,3.28084E-5,0,41,Motors_Started,
206200,2023-06-20 07:11:32,0,0,0,,,3.28084E-5,0.328084,0,0,0,0,0,7.741,3.28084E-5,0,0,0,0,0,0,296.4, 3.7, -0.5,0,0,1024,1024,1024,1024,0,0,0,0,296.5,3,0,54,3.874,3.867,0,0,0,0,1.132,100.58,3.28084E-5,0,11,AutoTakeoff,
206300,2023-06-20 07:11:32,0,0,0,,,3.28084E-5,0.328084,0,0,0,0,0,7.741,3.28084E-5,0,0,0,0,0,0,296.4, 3.6, -0.5,0,0,1024,1024,1024,1024,0,0,0,0,296.5,3,0,54,3.874,3.867,0,0,0,0,1.132,100.58,3.28084E-5,0,11,AutoTakeoff,
206400,2023-06-20 07:11:32,0,0,0,,,3.28084E-5,0.328084,0,0,0,0,0,7.741,3.28084E-5,0,0,0,0,0,0,296.4, 3.4, -0.5,0,0,1024,1024,1024,1024,0,0,0,0,296.5,3,0,54,3.874,3.867,0,0,0,0,1.132,100.58,3.28084E-5,0,11,AutoTakeoff,
206500,2023-06-20 07:11:32,0,0,0,,,3.28084E-5,0.328084,0,0,0,0,0,7.741,3.28084E-5,0,0,0,0,0,0,296.5, 3.3, -0.4,0,0,1024,1024,1024,1024,0,0,0,0,296.5,3,0,54,3.874,3.867,0,0,0,0,1.132,100.58,3.28084E-5,0,11,AutoTakeoff,
206600,2023-06-20 07:11:32,0,0,0,,,3.28084E-5,0.328084,0,0,0,0,0,7.741,3.28084E-5,0,0,0,0,0,0,296.4, 3.1, -0.5,0,0,1024,1024,1024,1024,0,0,0,0,296.5,3,0,54,3.874,3.867,0,0,0,0,1.132,100.58,3.28084E-5,0,11,AutoTakeoff,
206700,2023-06-20 07:11:32,0,0,0,,,3.28084E-5,0.328084,0,0,0,0,0,7.741,3.28084E-5,0,0,0,0,0,0,296.5, 2.6, -0.5,0,0,1024,1024,1024,1024,0,0,0,0,296.5,3,0,54,3.874,3.867,0,0,0,0,1.132,100.58,3.28084E-5,0,11,AutoTakeoff,
206800,2023-06-20 07:11:32,0,0,0,,,3.28084E-5,0.328084,0,0,0,0,0,7.741,3.28084E-5,0,0,0,0,0,0,296.5, 0.9, -0.5,0,0,1024,1024,1024,1024,0,0,0,0,296.5,3,0,54,3.874,3.867,0,0,0,0,1.132,100.58,3.28084E-5,0,11,AutoTakeoff,
206900,2023-06-20 07:11:33,0,0,0,,,3.28084E-5,0.328084,0,0,0,0,0,7.741,3.28084E-5,0,0,0,0,0,-0.223694,296.7, -0.7, -1.1,0,0,1024,1024,1024,1024,0,0,0,0,296.5,3,0,54,3.874,3.867,0,0,0,0,1.132,100.58,3.28084E-5,0,11,AutoTakeoff,
207000,2023-06-20 07:11:33,0,0,0,,,3.28084E-5,0.328084,0,0,0,0,0,7.741,3.28084E-5,0,0,0,0,0,-0.447388,296.9, -0.6, -0.2,0,0,1024,1024,1024,1024,0,0,0,0,296.5,3,0,54,3.874,3.867,0,0,0,0,1.132,100.58,3.28084E-5,0,11,AutoTakeoff,
207100,2023-06-20 07:11:33,0,0,0,,,3.28084E-5,0.328084,0,0,0,0,0,7.696,3.28084E-5,0,0,0,0,0,-0.671082,297, 0.3, 0,0,0,1024,1024,1024,1024,0,0,0,0,296.5,3,0,54,3.831,3.819,0,0,0,0,2.007,100.76,3.28084E-5,0,11,AutoTakeoff,
207200,2023-06-20 07:11:33,0,0,0.328084,,,0.3281168084,0.656168,0,0,0,0,0,7.696,0.3281168084,0.328084,0,0,0,0,-0.894776,297, 1, -0.3,0,0,1024,1024,1024,1024,0,0,0,0,296.5,3,0,54,3.831,3.819,0,0,0,0,2.007,100.76,0.3281168084,0.328084,11,AutoTakeoff,
207300,2023-06-20 07:11:33,0,0,0.328084,,,0.3281168084,0.656168,0,0,0,0,0,7.696,0.3281168084,0.328084,0,0,0,0,-1.11847,296.9, 0.6, -0.3,0,0,1024,1024,1024,1024,0,0,0,0,296.5,3,0,54,3.831,3.819,0,0,0,0,2.007,100.76,0.3281168084,0.328084,11,AutoTakeoff,
207400,2023-06-20 07:11:33,0,0,0.656168,,,0.6562008084,0.984252,0,0,0,0,0,7.696,0.6562008084,0.656168,0,0,0,0,-1.342164,296.9, 0.4, 0,0,0,1024,1024,1024,1024,0,0,0,0,296.5,3,0,54,3.831,3.819,0,0,0,0,2.007,100.76,0.6562008084,0.656168,11,AutoTakeoff,
207500,2023-06-20 07:11:33,0,0,0.656168,,,0.6562008084,0.984252,0,0,0,0,0,7.696,0.6562008084,0.656168,0,0,0,0,-1.565858,296.9, 0.3, 0,0,0,1024,1024,1024,1024,0,0,0,0,296.5,3,0,54,3.831,3.819,0,0,0,0,2.007,100.76,0.6562008084,0.656168,11,AutoTakeoff,
207600,2023-06-20 07:11:33,0,0,0.984252,,,0.9842848084,1.312336,0,0,0,0,0,7.696,0.9842848084,0.984252,0,0,0,0,-1.789552,296.9, 0, 0.1,0,0,1024,1024,1024,1024,0,0,0,0,296.5,3,0,54,3.831,3.819,0,0,0,0,2.007,100.76,0.9842848084,0.984252,11,AutoTakeoff,
207700,2023-06-20 07:11:33,0,0,0.984252,,,0.9842848084,1.64042,0,0,0,0,0,7.696,0.9842848084,0.984252,0,0,0,0,-2.013246,296.9, 0, 0,0,0,1024,1024,1024,1024,0,0,0,0,296.5,3,0,54,3.831,3.819,0,0,0,0,2.007,100.76,0.9842848084,0.984252,11,AutoTakeoff,
207800,2023-06-20 07:11:33,0,0,1.312336,,,1.3123688084,1.968504,0,0,0,0,0,7.696,1.3123688084,1.312336,0,0,0,0,-2.013246,296.8, 0, 0,0,0,1024,1024,1024,1024,0,0,0,0,296.5,3,0,54,3.831,3.819,0,0,0,0,2.007,100.76,1.3123688084,1.312336,11,AutoTakeoff,
207900,2023-06-20 07:11:34,0,0,1.64042,,,1.6404528084,2.296588,0,0,0,0,0,7.696,1.6404528084,1.64042,0,0,0,0,-2.23694,296.8, 0.1, -0.1,0,0,1024,1024,1024,1024,0,0,0,0,296.5,3,0,54,3.831,3.819,0,0,0,0,2.007,100.76,1.6404528084,1.64042,11,AutoTakeoff,
208000,2023-06-20 07:11:34,0,0,1.968504,,,1.9685368084,2.624672,0,0,0,0,0,7.696,1.9685368084,1.968504,0,0,0,0,-2.23694,296.8, 0, -0.1,0,0,1024,1024,1024,1024,0,0,0,0,296.5,3,0,54,3.831,3.819,0,0,0,0,2.007,100.76,1.9685368084,1.968504,11,AutoTakeoff,
208100,2023-06-20 07:11:34,0,0,2.296588,,,2.2966208084,2.952756,0,0,0,0,0,7.696,2.2966208084,2.296588,0,0,0,0,-2.23694,296.7, 0.1, -0.2,0,0,1024,1024,1024,1024,0,0,0,0,296.6,3,0,54,3.831,3.819,0,0,0,0,2.007,100.76,2.2966208084,2.296588,6,P-GPS,
208200,2023-06-20 07:11:34,0,0,2.624672,,,2.6247048084,3.28084,0,0,0,0,0,7.575,2.6247048084,2.624672,0,0,0,0,-2.013246,296.6, 0.2, -0.2,0,0,1024,1024,1024,1024,0,0,0,0,296.5,3,0,54,3.792,3.783,0,0,0,0,5.072,100.76,2.6247048084,2.624672,6,P-GPS,
208300,2023-06-20 07:11:34,0,0,2.624672,,,2.6247048084,3.608924,0,0,0,0,0,7.575,2.6247048084,2.624672,0,0,0,0,-1.565858,296.6, 0.3, -0.3,0,0,1024,1024,1024,1024,0,0,0,0,296.5,3,0,54,3.792,3.783,0,0,0,0,5.072,100.76,2.6247048084,2.624672,6,P-GPS,
208400,2023-06-20 07:11:34,0,0,2.952756,,,2.9527888084,3.608924,0,0,0,0,0,7.575,2.9527888084,2.952756,0,0,0,0,-0.894776,296.6, 0.4, -0.3,0,0,1024,1024,1024,1024,0,0,0,0,296.5,3,0,54,3.792,3.783,0,0,0,0,5.072,100.76,2.9527888084,2.952756,6,P-GPS,
208500,2023-06-20 07:11:34,0,0,2.952756,,,2.9527888084,3.608924,0,0,0,0,0,7.575,2.9527888084,2.952756,0,0,0,0,-0.447388,296.6, 0.4, -0.4,0,0,1024,1024,1024,1024,0,0,0,0,296.6,3,0,54,3.792,3.783,0,0,0,0,5.072,100.76,2.9527888084,2.952756,6,P-GPS,
208600,2023-06-20 07:11:34,0,0,2.952756,,,2.9527888084,3.937008,0,0,0,0,0,7.575,2.9527888084,2.952756,0,0,0,0,-0.223694,296.6, 0.3, -0.2,0,0,1024,1024,1024,1024,0,0,0,0,296.5,3,0,54,3.792,3.783,0,0,0,0,5.072,100.76,2.9527888084,2.952756,1,Atti,"GPS signal weak. Switched to Attitude mode. Aircraft unable to hover. Fly with caution (Code: 120088)"
208700,2023-06-20 07:11:34,0,0,2.952756,,,2.9527888084,3.937008,0,0,0,0,0,7.575,2.9527888084,2.952756,0,0,0,0,0,296.6, 0, 0,0,0,1024,1024,1024,1024,0,0,0,0,296.6,3,0,54,3.792,3.783,0,0,0,0,5.072,100.76,2.9527888084,2.952756,1,Atti,"Attitude mode. Fly with caution Aircraft in Attitude mode. Unable to hover. Fly with caution (Code: 30004). Compass or GPS signal weak. Changed to Attitude mode (Code: 120080)"
208800,2023-06-20 07:11:35,0,0,2.952756,,,2.9527888084,3.937008,0,0,0,0,0,7.575,2.9527888084,2.952756,0,0,0,0,0,296.6, 0, 0,0,0,1024,1024,1024,1024,0,0,0,0,296.6,3,0,54,3.792,3.783,0,0,0,0,5.072,100.76,2.9527888084,2.952756,1,Atti,
208900,2023-06-20 07:11:35,0,0,2.952756,,,2.9527888084,3.937008,0,0,0,0,0,7.575,2.9527888084,2.952756,0,0,0,0,0,296.6, 0, 0,0,0,1024,1024,1024,1024,0,0,0,0,296.6,3,0,54,3.792,3.783,0,0,0,0,5.072,100.76,2.9527888084,2.952756,1,Atti,
209000,2023-06-20 07:11:35,0,0,2.952756,,,2.9527888084,3.937008,0,0,0,0,0,7.575,2.9527888084,2.952756,0,0,0,0,0,296.6, 0, 0,0,0,1024,1024,1024,1024,0,0,0,0,296.5,3,0,54,3.792,3.783,0,0,0,0,5.072,100.76,2.9527888084,2.952756,1,Atti,
209100,2023-06-20 07:11:35,0,0,2.952756,,,2.9527888084,3.608924,0,0,0,0,0,7.575,2.9527888084,2.952756,0,0,0,0,0,296.6, 0, 0,0,0,1024,1024,1024,1024,0,0,0,0,296.5,3,0,54,3.792,3.783,0,0,0,0,5.072,100.76,2.9527888084,2.952756,1,Atti,
209200,2023-06-20 07:11:35,0,0,2.952756,,,2.9527888084,3.608924,0,0,0,0,0,7.575,2.9527888084,2.952756,0,0,0,0,0,296.6, 0, 0,0,0,1024,1024,1024,1024,0,0,0,0,296.5,3,0,54,3.792,3.783,0,0,0,0,5.072,100.76,2.9527888084,2.952756,1,Atti,
209300,2023-06-20 07:11:35,0,0,2.952756,,,2.9527888084,3.608924,0,0,0,0,0,7.588,2.9527888084,2.952756,0,0,0,0,0,296.6, 0, 0,0,0,1024,1024,1024,1024,0,0,0,0,296.6,3,0,54,3.799,3.789,0,0,0,0,4.241,100.76,2.9527888084,2.952756,1,Atti,
209400,2023-06-20 07:11:35,0,0,2.952756,,,2.9527888084,3.608924,0,0,0,0,0,7.588,2.9527888084,2.952756,0,0,0,0,0,296.6, 0, 0,0,0,1024,1024,1024,1024,0,0,0,0,296.5,3,0,54,3.799,3.789,0,0,0,0,4.241,100.76,2.9527888084,2.952756,1,Atti,
209500,2023-06-20 07:11:35,0,0,2.952756,,,2.9527888084,3.608924,0,0,0,0,0,7.588,2.9527888084,2.952756,0,0,0,0,0,296.6, 0, 0,0,0,1024,677,1024,1024,0,-53,0,0,296.6,3,0,54,3.799,3.789,0,0,0,0,4.241,100.76,2.9527888084,2.952756,1,Atti,
209600,2023-06-20 07:11:35,0,0,2.952756,,,2.9527888084,3.608924,0,0,0,0,0,7.588,2.9527888084,2.952756,0,0,0,0,0,296.6, 0, 0,0,0,1024,677,1024,1024,0,-53,0,0,296.5,3,0,54,3.799,3.789,0,0,0,0,4.241,100.76,2.9527888084,2.952756,1,Atti,
209700,2023-06-20 07:11:35,0,0,2.952756,,,2.9527888084,3.608924,0,0,0,0,0,7.588,2.9527888084,2.952756,0,0,0,0,0,296.6, 0, 0,0,0,1024,364,1024,1024,0,-100,0,0,296.5,3,0,54,3.799,3.789,0,0,0,0,4.241,100.76,2.9527888084,2.952756,1,Atti,
209800,2023-06-20 07:11:35,0,0,2.952756,,,2.9527888084,3.608924,0,0,0,0,0,7.588,2.9527888084,2.952756,0,0,0,0,0,296.6, 0, -1.8,0,0,1024,364,1024,1024,0,-100,0,0,296.6,3,0,54,3.799,3.789,0,0,0,0,4.241,100.76,2.9527888084,2.952756,1,Atti,
209900,2023-06-20 07:11:36,0,0,2.952756,,,2.9527888084,3.608924,0,0,0,0,0,7.588,2.9527888084,2.952756,0,0,0,0,0,296.4, 0, -5.2,0,0,1024,364,1024,1024,0,-100,0,0,296.6,3,0,54,3.799,3.789,0,0,0,0,4.241,100.76,2.9527888084,2.952756,1,Atti,
210000,2023-06-20 07:11:36,0,0,2.952756,,,2.9527888084,3.608924,0,0,0,0,0,7.588,2.9527888084,2.952756,0,0,0,0,0,296.5, 0, -5.8,0,0,1024,364,1024,1024,0,-100,0,0,296.6,3,0,54,3.799,3.789,0,0,0,0,4.241,100.76,2.9527888084,2.952756,1,Atti,
210100,2023-06-20 07:11:36,0,0,2.952756,,,2.9527888084,3.608924,0,0,0,0,0,7.588,2.9527888084,2.952756,0,0,0,0,0,296.6, 0, -6.1,0,0,1024,364,1024,1024,0,-100,0,0,296.5,3,0,54,3.799,3.789,0,0,0,0,4.241,100.76,2.9527888084,2.952756,1,Atti,
210200,2023-06-20 07:11:36,0,0,2.952756,,,2.9527888084,3.608924,0,0,0,0,0,7.588,2.9527888084,2.952756,0,0,0,0,0,296.5, 0, -6.5,0,0,1024,364,1024,1024,0,-100,0,0,296.5,3,0,54,3.799,3.789,0,0,0,0,4.241,100.76,2.9527888084,2.952756,1,Atti,
210300,2023-06-20 07:11:36,0,0,2.952756,,,2.9527888084,3.608924,0,0,0,0,0,7.588,2.9527888084,2.952756,0,0,0,0,0,296.6, 0, -6.8,0,0,1024,364,1024,1024,0,-100,0,0,296.5,3,0,54,3.799,3.789,0,0,0,0,4.241,100.76,2.9527888084,2.952756,1,Atti,
210400,2023-06-20 07:11:36,0,0,2.952756,,,2.9527888084,3.608924,0,0,0,0,0,7.588,2.9527888084,2.952756,0,0,0,0,0,296.6, 0, -7.1,0,0,1024,375,1024,1024,0,-98,0,0,296.5,3,0,54,3.799,3.789,0,0,0,0,4.241,100.76,2.9527888084,2.952756,1,Atti,
210500,2023-06-20 07:11:36,0,0,2.952756,,,2.9527888084,3.608924,0,0,0,0,0,7.576,2.9527888084,2.952756,0,0,0,0,0,296.6, 0, -7.4,0,0,1024,825,1024,1024,0,-30,0,0,296.5,3,0,54,3.793,3.781,0,0,0,0,4.524,100.76,2.9527888084,2.952756,1,Atti,
210600,2023-06-20 07:11:36,0,0,2.952756,,,2.9527888084,3.608924,0,0,0,0,0,7.576,2.9527888084,2.952756,0,0,0,0,0,296.6, 0, -7.8,0,0,1024,825,1024,1024,0,-30,0,0,296.5,3,0,54,3.793,3.781,0,0,0,0,4.524,100.76,2.9527888084,2.952756,1,Atti,
210700,2023-06-20 07:11:36,0,0,2.952756,,,2.9527888084,3.608924,0,0,0,0,0,7.576,2.9527888084,2.952756,0,0,0,0,0,296.6, 0.1, -7.1,0,0,1024,1024,1024,1024,0,0,0,0,296.5,3,0,54,3.793,3.781,0,0,0,0,4.524,100.76,2.9527888084,2.952756,1,Atti,
210800,2023-06-20 07:11:36,0,0,2.952756,,,2.9527888084,3.608924,0,0,0,0,0,7.576,2.9527888084,2.952756,0,0,0,0,0,296.8, 0.2, -0.9,0,0,1024,1024,1024,1024,0,0,0,0,296.6,3,0,54,3.793,3.781,0,0,0,0,4.524,100.76,2.9527888084,2.952756,1,Atti,
210900,2023-06-20 07:11:37,0,0,2.952756,,,2.9527888084,3.608924,0,0,0,0,0,7.576,2.9527888084,2.952756,0,0,0,0,0,296.7, 0.1, 0.1,0,0,1024,1024,1024,1024,0,0,0,0,296.6,3,0,54,3.793,3.781,0,0,0,0,4.524,100.76,2.9527888084,2.952756,1,Atti,
211000,2023-06-20 07:11:37,0,0,2.952756,,,2.9527888084,3.608924,0,0,0,0,0,7.576,2.9527888084,2.952756,0,0,0,0,0,296.6, 0, 0.2,0,0,1024,1024,951,1024,0,0,-11,0,296.6,3,0,54,3.793,3.781,0,0,0,0,4.524,100.76,2.9527888084,2.952756,1,Atti,
211100,2023-06-20 07:11:37,0,0,2.952756,,,2.9527888084,3.608924,0,0,0,0,0,7.576,2.9527888084,2.952756,0,0,0,0,0,296.6, 0, 0.1,0,0,1024,1024,364,1024,0,0,-100,0,296.6,3,0,54,3.793,3.781,0,0,0,0,4.524,100.76,2.9527888084,2.952756,1,Atti,
211200,2023-06-20 07:11:37,0,0,2.952756,,,2.9527888084,3.608924,0,0,0,0,0,7.576,2.9527888084,2.952756,0,0,0,0,0,296.6, 0, 0,0,0,1024,1024,364,1024,0,0,-100,0,296.6,3,0,54,3.793,3.781,0,0,0,0,4.524,100.76,2.9527888084,2.952756,1,Atti,
211300,2023-06-20 07:11:37,0,0,2.952756,,,2.9527888084,3.608924,0,0,0,0,0,7.576,2.9527888084,2.952756,0,0,0,0,0,296.6, 0, 0,0,0,1024,1024,364,1074,0,0,-100,8,296.5,3,0,54,3.793,3.781,0,0,0,0,4.524,100.76,2.9527888084,2.952756,1,Atti,
211400,2023-06-20 07:11:37,0,0,2.952756,,,2.9527888084,3.608924,0,0,0,0,0,7.576,2.9527888084,2.952756,0,0,0,0,0.223694,296.6, 0, 0,0,0,1024,1024,364,1081,0,0,-100,9,296.6,3,0,54,3.793,3.781,0,0,0,0,4.524,100.76,2.9527888084,2.952756,1,Atti,
211500,2023-06-20 07:11:37,0,0,2.624672,,,2.6247048084,3.608924,0,0,0,0,0,7.576,2.9527888084,2.952756,0,0,0,0,0.447388,296.6, 0, 0,0,0,1024,1024,364,1139,0,0,-100,17,296.6,3,0,54,3.793,3.781,0,0,0,0,4.524,100.76,2.6247048084,2.624672,1,Atti,
211600,2023-06-20 07:11:37,0,0,2.624672,,,2.6247048084,3.28084,0,0,0,0,0,7.578,2.9527888084,2.952756,0,0,0,0,0.671082,296.8, 0.1, 0,0,0,1024,1209,364,1185,0,28,-100,24,296.6,3,0,54,3.794,3.784,0,0,0,0,4.305,100.76,2.6247048084,2.624672,1,Atti,
211700,2023-06-20 07:11:37,0,0,2.296588,,,2.2966208084,3.28084,0,0,0,0,0,7.578,2.9527888084,2.952756,0,0,0,0,0.671082,297, 0, 0,0,0,1024,1209,364,1185,0,28,-100,24,296.6,3,0,54,3.794,3.784,0,0,0,0,4.305,100.76,2.2966208084,2.296588,1,Atti,
211800,2023-06-20 07:11:38,0,0,2.296588,,,2.2966208084,3.28084,0,0,0,0,0,7.578,2.9527888084,2.952756,0,0,0,0,0.671082,297.5, 0, 0,0,0,1024,1503,364,1219,0,73,-100,30,296.6,3,0,54,3.794,3.784,0,0,0,0,4.305,100.76,2.2966208084,2.296588,1,Atti,
211900,2023-06-20 07:11:38,0,0,2.296588,,,2.2966208084,2.952756,0,0,0,0,0,7.578,2.9527888084,2.952756,0,0,0,0,0.671082,298.4, 0, 0.9,0,0,1024,1071,364,1220,0,7,-100,30,297,3,0,54,3.794,3.784,0,0,0,0,4.305,100.76,2.2966208084,2.296588,1,Atti,
212000,2023-06-20 07:11:38,0,0,1.968504,,,1.9685368084,2.952756,0,0,0,0,0,7.578,2.9527888084,2.952756,0,0,0,0,0.671082,300, -0.1, 5.2,0,0,1024,1024,364,1233,0,0,-100,32,297.9,3,0,54,3.794,3.784,0,0,0,0,4.305,100.76,1.9685368084,1.968504,1,Atti,
212100,2023-06-20 07:11:38,0,0,1.968504,,,1.9685368084,2.952756,0,0,0,0,0,7.578,2.9527888084,2.952756,0,0,0,0,0.447388,301.3, 0, 1.4,0,0,1024,1157,364,1352,0,20,-100,50,299.3,3,0,54,3.794,3.784,0,0,0,0,4.305,100.76,1.9685368084,1.968504,1,Atti,
212200,2023-06-20 07:11:38,0,0,1.968504,,,1.9685368084,2.952756,0,0,0,0,0,7.578,2.9527888084,2.952756,0,0,0,0,0.447388,302.7, 0, 0,0,0,1024,1684,364,1471,0,100,-100,68,300.9,3,0,54,3.794,3.784,0,0,0,0,4.305,100.76,1.9685368084,1.968504,1,Atti,
212300,2023-06-20 07:11:38,0,0,1.968504,,,1.9685368084,2.624672,0,0,0,0,0,7.578,2.9527888084,2.952756,0,0,0,0,0.447388,305.3, 0, -0.2,0,0,1024,1684,364,1547,0,100,-100,79,303.2,3,0,54,3.794,3.784,0,0,0,0,4.305,100.76,1.9685368084,1.968504,1,Atti,
212400,2023-06-20 07:11:38,0,0,1.64042,,,1.6404528084,2.624672,0,0,0,0,0,7.578,2.9527888084,2.952756,0,0,0,0,0.447388,310.3, -0.3, 9.2,0,0,1024,1684,364,1547,0,100,-100,79,307,3,0,54,3.794,3.784,0,0,0,0,4.305,100.76,1.6404528084,1.64042,1,Atti,
212500,2023-06-20 07:11:38,0,0,1.64042,,,1.6404528084,2.624672,0,0,0,0,0,7.578,2.9527888084,2.952756,0,0,0,0,0.447388,318.1, -0.2, 10.1,0,0,1024,1684,364,1600,0,100,-100,87,313.6,3,0,54,3.794,3.784,0,0,0,0,4.305,100.76,1.6404528084,1.64042,1,Atti,
212600,2023-06-20 07:11:38,0,0,1.64042,,,1.6404528084,2.296588,0,0,0,0,0,7.578,2.9527888084,2.952756,0,0,0,0,0.447388,326.7, -0.2, 10.6,0,0,1024,1580,514,1487,0,84,-77,70,322.1,2.9,0,54,3.794,3.784,0,0,0,0,4.305,100.76,1.6404528084,1.64042,1,Atti,
212700,2023-06-20 07:11:38,0,0,1.64042,,,1.6404528084,2.296588,0,0,0,0,0,7.578,2.9527888084,2.952756,0,0,0,0,0.447388,336.8, -0.2, 10.8,0,0,1024,1024,864,1226,0,0,-24,31,331.6,2.9,0,54,3.794,3.784,0,0,0,0,4.305,100.76,1.6404528084,1.64042,1,Atti,
212800,2023-06-20 07:11:38,0,0,1.312336,,,1.3123688084,2.296588,0,0,0,0,0,7.578,2.9527888084,2.952756,0,0,0,0,0.447388,346.7, 0, 8.9,0,0,1024,1024,1024,1024,0,0,0,0,342,2.9,0,54,3.781,3.77,0,0,0,0,4.305,100.76,1.3123688084,1.312336,1,Atti,
212900,2023-06-20 07:11:39,0,0,1.312336,,,1.3123688084,2.296588,0,0,0,0,0,7.578,2.9527888084,2.952756,0,0,0,0,0.447388,347, 0.2, 0.2,0,0,1024,1024,1024,1024,0,0,0,0,346.3,3,0,54,3.781,3.77,0,0,0,0,4.305,100.76,1.3123688084,1.312336,1,Atti,
213000,2023-06-20 07:11:39,0,0,1.312336,,,1.3123688084,2.296588,0,0,0,0,0,7.578,2.9527888084,2.952756,0,0,0,0,0.223694,347.8, 0, -0.4,0,0,1024,1024,840,1024,0,0,-28,0,347.2,3,0,54,3.781,3.77,0,0,0,0,4.305,100.76,1.3123688084,1.312336,1,Atti,
213100,2023-06-20 07:11:39,0,0,1.312336,,,1.3123688084,1.968504,0,0,0,0,0,7.578,2.9527888084,2.952756,0,0,0,0,0.223694,347.7, 0, -0.4,0,0,1024,1024,364,1024,0,0,-100,0,347.6,3,0,54,3.781,3.77,0,0,0,0,4.305,100.76,1.3123688084,1.312336,1,Atti,
213200,2023-06-20 07:11:39,0,0,1.312336,,,1.3123688084,1.968504,0,0,0,0,0,7.578,2.9527888084,2.952756,0,0,0,0,0,347.7, 0, -0.3,0,0,1024,1024,364,1024,0,0,-100,0,347.6,3,0,54,3.781,3.77,0,0,0,0,4.305,100.76,1.3123688084,1.312336,1,Atti,
213300,2023-06-20 07:11:39,0,0,1.312336,,,1.3123688084,1.968504,0,0,0,0,0,7.578,2.9527888084,2.952756,0,0,0,0,0,347.7, 0, -0.2,0,0,1024,1024,364,1024,0,0,-100,0,347.7,3,0,54,3.781,3.77,0,0,0,0,4.305,100.76,1.3123688084,1.312336,1,Atti,
213400,2023-06-20 07:11:39,0,0,1.312336,,,1.3123688084,1.968504,0,0,0,0,0,7.578,2.9527888084,2.952756,0,0,0,0,0,347.8, 0, -0.1,0,0,1024,1024,512,1024,0,0,-78,0,347.7,3,0,54,3.781,3.77,0,0,0,0,4.305,100.76,1.3123688084,1.312336,1,Atti,
213500,2023-06-20 07:11:39,0,0,1.312336,,,1.3123688084,1.968504,0,0,0,0,0,7.578,2.9527888084,2.952756,0,0,0,0,0,347.8, 0, 0,0,0,1034,1024,1024,1024,2,0,0,0,347.7,3,0,54,3.781,3.77,0,0,0,0,4.305,100.76,1.3123688084,1.312336,1,Atti,
213600,2023-06-20 07:11:39,0,0,1.312336,,,1.3123688084,1.968504,0,0,0,0,0,7.578,2.9527888084,2.952756,0,0,0,0,0.223694,347.8, 0, 0,0,0,1034,1024,1024,1024,2,0,0,0,347.7,3,0,54,3.781,3.77,0,0,0,0,4.305,100.76,1.3123688084,1.312336,1,Atti,
213700,2023-06-20 07:11:39,0,0,1.312336,,,1.3123688084,1.968504,0,0,0,0,0,7.578,2.9527888084,2.952756,0,0,0,0,0.223694,347.8, 0, 0,0,0,1684,1024,1024,1024,100,0,0,0,347.7,3,0,54,3.781,3.77,0,0,0,0,4.305,100.76,1.3123688084,1.312336,1,Atti,
213800,2023-06-20 07:11:40,0,0,0.984252,,,0.9842848084,1.968504,0,0,0,0,0,7.578,2.9527888084,2.952756,0,0,0,0,0.223694,347.8, -2.7, 0,0,0,1684,1024,364,1024,100,0,-100,0,347.8,3,0,54,3.781,3.77,0,0,0,0,4.305,100.76,0.9842848084,0.984252,1,Atti,
213900,2023-06-20 07:11:40,0,0,0.984252,,,0.9842848084,1.968504,0,0,0,0,0,7.553,2.9527888084,2.952756,0,0,0,0,0,347.8, -13.1, -0.3,0,0,1118,1006,364,847,14,-3,-100,-27,347.8,3,0,53,3.782,3.771,0,0,0,0,4.699,100.76,0.9842848084,0.984252,1,Atti,
214000,2023-06-20 07:11:40,0,0,0.984252,,,0.9842848084,1.968504,0,0,0,0,0,7.553,2.9527888084,2.952756,0,0,0,0,0,347.8, -12.9, 0,0,0,1024,737,364,548,0,-43,-100,-72,347.7,3,0,53,3.782,3.771,0,0,0,0,4.699,100.76,0.9842848084,0.984252,1,Atti,
214100,2023-06-20 07:11:40,0,0,0.984252,,,0.9842848084,1.968504,0,0,0,0,0,7.553,2.9527888084,2.952756,0,0,0,0,0,347.5, -3, 0,0,0,1024,828,364,364,0,-30,-100,-100,347.8,3,0,53,3.782,3.771,0,0,0,0,4.699,100.76,0.9842848084,0.984252,1,Atti,
214200,2023-06-20 07:11:40,0,0,0.984252,,,0.9842848084,1.968504,0,0,0,0,0,7.553,2.9527888084,2.952756,0,0,0,0,0,344.4, -0.7, -2.8,0,0,1024,1024,364,364,0,0,-100,-100,346.5,3,0,53,3.782,3.771,0,0,0,0,4.699,100.76,0.9842848084,0.984252,1,Atti,
214300,2023-06-20 07:11:40,0,0,0.984252,,,0.9842848084,1.64042,0,0,0,0,0,7.553,2.9527888084,2.952756,0,0,0,0,0,334.3, 0, -4,0,0,1024,1024,364,364,0,0,-100,-100,339.2,3,0,53,3.782,3.771,0,0,0,0,4.699,100.76,0.9842848084,0.984252,1,Atti,
214400,2023-06-20 07:11:40,0,0,0.984252,,,0.9842848084,1.968504,0,0,0,0,0,7.553,2.9527888084,2.952756,0,0,0,0,0,320.8, 0.3, -0.5,0,0,1024,1024,364,364,0,0,-100,-100,326.7,3,0,53,3.782,3.771,0,0,0,0,4.699,100.76,0.9842848084,0.984252,1,Atti,
214500,2023-06-20 07:11:40,0,0,0.984252,,,0.9842848084,1.64042,0,0,0,0,0,7.553,2.9527888084,2.952756,0,0,0,0,0,307.8, 0, 0,0,0,1024,1024,364,453,0,0,-100,-87,313.3,3.1,0,53,3.782,3.771,0,0,0,0,4.699,100.76,0.9842848084,0.984252,1,Atti,
214600,2023-06-20 07:11:40,0,0,0.984252,,,0.9842848084,1.64042,0,0,0,0,0,7.553,2.9527888084,2.952756,0,0,0,0,0,295.2, -0.1, 0.1,0,0,1024,1024,364,475,0,0,-100,-83,300.4,3.1,0,53,3.782,3.771,0,0,0,0,4.699,100.76,0.9842848084,0.984252,1,Atti,
214700,2023-06-20 07:11:40,0,0,0.984252,,,0.9842848084,1.64042,0,0,0,0,0,7.553,2.9527888084,2.952756,0,0,0,0,0,284.8, -0.2, 0,0,0,1024,1024,364,594,0,0,-100,-65,289.5,3.1,0,53,3.782,3.771,0,0,0,0,4.699,100.76,0.9842848084,0.984252,1,Atti,
214800,2023-06-20 07:11:40,0,0,0.984252,,,0.9842848084,1.64042,0,0,0,0,0,7.553,2.9527888084,2.952756,0,0,0,0,0,275.2, -0.3, 0,0,0,1024,1024,364,795,0,0,-100,-35,279.9,3,0,53,3.782,3.771,0,0,0,0,4.699,100.76,0.9842848084,0.984252,1,Atti,
214900,2023-06-20 07:11:41,0,0,0.984252,,,0.9842848084,1.64042,0,0,0,0,0,7.553,2.9527888084,2.952756,0,0,0,0,0,267.4, -0.3, 0,0,0,1024,1024,364,861,0,0,-100,-25,271.1,3,0,53,3.782,3.771,0,0,0,0,4.699,100.76,0.9842848084,0.984252,1,Atti,
215000,2023-06-20 07:11:41,0,0,0.984252,,,0.9842848084,1.64042,0,0,0,0,0,7.553,2.9527888084,2.952756,0,0,0,0,0,264.4, -0.3, -0.1,0,0,1024,1024,364,862,0,0,-100,-25,267.3,1.1,0,53,3.782,3.771,0,0,0,0,4.699,100.76,0.9842848084,0.984252,33,Confirm_Landing,"No GPS. Fly with caution GPS signal weak. Hovering unstable. Fly with caution (Code: 30002)"
215100,2023-06-20 07:11:41,0,0,0.656168,,,0.6562008084,1.64042,0,0,0,0,0,7.546,2.9527888084,2.952756,0,0,0,0,0.223694,263, -0.1, 0,0,0,1024,1024,364,862,0,0,-100,-25,264.3,0.1,0,53,3.778,3.766,0,0,0,0,4.702,100.76,0.6562008084,0.656168,33,Confirm_Landing,
215200,2023-06-20 07:11:41,0,0,0.656168,,,0.6562008084,1.64042,0,0,0,0,0,7.546,2.9527888084,2.952756,0,0,0,0,0.447388,262.1, -0.1, 0.1,0,0,1024,1024,364,862,0,0,-100,-25,263.4,0,0,53,3.778,3.766,0,0,0,0,4.702,100.76,0.6562008084,0.656168,33,Confirm_Landing,
215300,2023-06-20 07:11:41,0,0,0.656168,,,0.6562008084,1.64042,0,0,0,0,0,7.546,2.9527888084,2.952756,0,0,0,0,0.447388,263, 0, 0.3,0,0,1024,1024,364,862,0,0,-100,-25,262.8,0,0,53,3.778,3.766,0,0,0,0,4.702,100.76,0.6562008084,0.656168,33,Confirm_Landing,
215400,2023-06-20 07:11:41,0,0,0.656168,,,0.6562008084,1.312336,0,0,0,0,0,7.546,2.9527888084,2.952756,0,0,0,0,0.671082,262.8, 0.1, 0.2,0,0,1024,1024,364,862,0,0,-100,-25,262,0,0,53,3.778,3.766,0,0,0,0,4.702,100.76,0.6562008084,0.656168,33,Confirm_Landing,
215500,2023-06-20 07:11:41,0,0,0.328084,,,0.3281168084,1.312336,0,0,0,0,0,7.546,2.9527888084,2.952756,0,0,0,0,0.671082,262.1, 0.1, 0,0,0,1024,1024,364,863,0,0,-100,-24,261.2,0,0,53,3.778,3.766,0,0,0,0,4.702,100.76,0.3281168084,0.328084,33,Confirm_Landing,
215600,2023-06-20 07:11:41,0,0,0.328084,,,0.3281168084,1.312336,0,0,0,0,0,7.546,2.9527888084,2.952756,0,0,0,0,0.671082,261.4, 0.1, -0.1,0,0,1024,1024,364,863,0,0,-100,-24,260.4,0,0,53,3.778,3.766,0,0,0,0,4.702,100.76,0.3281168084,0.328084,33,Confirm_Landing,
215700,2023-06-20 07:11:41,0,0,0.328084,,,0.3281168084,0.984252,0,0,0,0,0,7.546,2.9527888084,2.952756,0,0,0,0,0.671082,260.7, 0.1, 0,0,0,1024,1024,364,864,0,0,-100,-24,259.6,0,0,53,3.778,3.766,0,0,0,0,4.702,100.76,0.3281168084,0.328084,33,Confirm_Landing,
215800,2023-06-20 07:11:42,0,0,0,,,3.28084E-5,0.984252,0,0,0,0,0,7.546,2.9527888084,2.952756,0,0,0,0,0.671082,259.9, 0.2, 0.2,0,0,1024,1024,364,863,0,0,-100,-24,258.8,0,0,53,3.778,3.766,0,0,0,0,4.702,100.76,3.28084E-5,0,33,Confirm_Landing,
215900,2023-06-20 07:11:42,0,0,0,,,3.28084E-5,0.656168,0,0,0,0,0,7.546,2.9527888084,2.952756,0,0,0,0,0.671082,259.1, -0.2, 0.2,0,0,1024,1024,364,863,0,0,-100,-24,258,0,0,53,3.778,3.766,0,0,0,0,4.702,100.76,3.28084E-5,0,33,Confirm_Landing,
216000,2023-06-20 07:11:42,0,0,0,,,3.28084E-5,0.656168,0,0,0,0,0,7.546,2.9527888084,2.952756,0,0,0,0,0.447388,258.2, 0.6, 0.1,0,0,1024,1024,364,864,0,0,-100,-24,257.2,0,0,53,3.778,3.766,0,0,0,0,4.702,100.76,3.28084E-5,0,33,Confirm_Landing,
216100,2023-06-20 07:11:42,0,0,0,,,3.28084E-5,0.656168,0,0,0,0,0,7.546,2.9527888084,2.952756,0,0,0,0,0.447388,257.5, 0, 0,0,0,1024,1024,364,864,0,0,-100,-24,256.4,0,0,53,3.778,3.766,0,0,0,0,4.702,100.76,3.28084E-5,0,33,Confirm_Landing,
216200,2023-06-20 07:11:42,0,0,0,,,3.28084E-5,0.328084,0,0,0,0,0,7.545,2.9527888084,2.952756,0,0,0,0,0.447388,256.7, 0.3, 0,0,0,1024,1024,364,863,0,0,-100,-24,255.6,0,0,53,3.778,3.767,0,0,0,0,4.403,100.76,3.28084E-5,0,33,Confirm_Landing,
216300,2023-06-20 07:11:42,0,0,-0.328084,,,-0.3280511916,0.328084,0,0,0,0,0,7.545,2.9527888084,2.952756,0,0,0,0,0.447388,255.8, 0.1, 0.1,0,0,1024,1024,364,863,0,0,-100,-24,254.8,0,0,53,3.778,3.767,0,0,0,0,4.403,100.76,-0.3280511916,-0.328084,33,Confirm_Landing,
216400,2023-06-20 07:11:42,0,0,-0.656168,,,-0.6561351916,0.328084,0,0,0,0,0,7.545,2.9527888084,2.952756,0,0,0,0,0.223694,255, -0.1, 0.3,0,0,1024,1024,364,864,0,0,-100,-24,253.9,0,0,53,3.778,3.767,0,0,0,0,4.403,100.76,-0.6561351916,-0.656168,33,Confirm_Landing,
216500,2023-06-20 07:11:42,0,0,-0.984252,,,-0.9842191916,0.328084,0,0,0,0,0,7.545,2.9527888084,2.952756,0,0,0,0,0.223694,254.2, -0.3, 0.2,0,0,1024,1024,364,863,0,0,-100,-24,253.1,0,0,53,3.778,3.767,0,0,0,0,4.403,100.76,-0.9842191916,-0.984252,33,Confirm_Landing,
216600,2023-06-20 07:11:42,0,0,-1.312336,,,-1.3123031916,0.328084,0,0,0,0,0,7.545,2.9527888084,2.952756,0,0,0,0,0.223694,253.4, -0.4, 0.2,0,0,1024,1024,364,859,0,0,-100,-25,252.3,0,0,53,3.778,3.767,0,0,0,0,4.403,100.76,-1.3123031916,-1.312336,33,Confirm_Landing,
216700,2023-06-20 07:11:42,0,0,-1.64042,,,-1.6403871916,0.328084,0,0,0,0,0,7.545,2.9527888084,2.952756,0,0,0,0,0,250.5, 1.5, 0.1,0,0,1024,1024,364,854,0,0,-100,-26,251.5,0,0,53,3.778,3.767,0,0,0,0,4.403,100.76,-1.6403871916,-1.64042,33,Confirm_Landing,
216800,2023-06-20 07:11:43,0,0,-1.968504,,,-1.9684711916,0.328084,0,0,0,0,0,7.545,2.9527888084,2.952756,0,0,0,0,0,241.3, 1.7, 0,0,0,1024,1024,364,852,0,0,-100,-26,250.7,0,0,53,3.778,3.767,0,0,0,0,4.403,100.76,-1.9684711916,-1.968504,33,Confirm_Landing,
216900,2023-06-20 07:11:43,0,0,-2.296588,,,-2.2965551916,0.328084,0,0,0,0,0,7.545,2.9527888084,2.952756,0,0,0,0,0,224.5, 3.6, 1.1,0,0,1024,1024,364,842,0,0,-100,-28,240,0.1,-0.1,53,3.778,3.767,0,0,0,0,4.403,100.76,-2.2965551916,-2.296588,33,Confirm_Landing,
217000,2023-06-20 07:11:43,0,0,-2.296588,,,-2.2965551916,0.328084,0,0,0,0,0,7.545,2.9527888084,2.952756,0,0,0,0,0,214.5, 4.6, 1.2,0,0,1024,1024,364,842,0,0,-100,-28,234.2,0.4,-0.4,53,3.778,3.767,0,0,0,0,4.403,100.76,-2.2965551916,-2.296588,33,Confirm_Landing,
217100,2023-06-20 07:11:43,0,0,-2.296588,,,-2.2965551916,0.328084,0,0,0,0,0,7.545,2.9527888084,2.952756,0,0,0,0,0,212.4, 4.5, 1.1,0,0,1024,1024,364,839,0,0,-100,-28,233.5,0.4,-0.4,53,3.778,3.767,0,0,0,0,4.403,100.76,-2.2965551916,-2.296588,33,Confirm_Landing,
217200,2023-06-20 07:11:43,0,0,-2.624672,,,-2.6246391916,0.328084,0,0,0,0,0,7.545,2.9527888084,2.952756,0,0,0,0,0,212.6, 4.2, 0.9,0,0,1024,1024,364,838,0,0,-100,-28,233.4,0.3,-0.3,53,3.778,3.767,0,0,0,0,4.403,100.76,-2.6246391916,-2.624672,33,Confirm_Landing,
217300,2023-06-20 07:11:43,0,0,-2.624672,,,-2.6246391916,0.328084,0,0,0,0,0,7.545,2.9527888084,2.952756,0,0,0,0,0,212.6, 4.2, 0.8,0,0,1024,1024,364,863,0,0,-100,-24,233.4,0.2,-0.3,53,3.778,3.767,0,0,0,0,4.403,100.76,-2.6246391916,-2.624672,33,Confirm_Landing,
217400,2023-06-20 07:11:43,0,0,-2.952756,,,-2.9527231916,0.328084,0,0,0,0,0,7.61,2.9527888084,2.952756,0,0,0,0,0,212.7, 4.2, 0.8,0,0,1024,1024,576,1024,0,0,-68,0,233.2,0.2,-0.3,53,3.81,3.8,0,0,0,0,2.898,100.94,-2.9527231916,-2.952756,33,Confirm_Landing,
217500,2023-06-20 07:11:43,0,0,-2.952756,,,-2.9527231916,0.328084,0,0,0,0,0,7.61,2.9527888084,2.952756,0,0,0,0,0,212.7, 4, 0.8,0,0,1024,1024,1024,1024,0,0,0,0,233.1,0.2,-0.2,53,3.81,3.8,0,0,0,0,2.898,100.94,-2.9527231916,-2.952756,33,Confirm_Landing,
217600,2023-06-20 07:11:43,0,0,-2.952756,,,-2.9527231916,0.328084,0,0,0,0,0,7.61,2.9527888084,2.952756,0,0,0,0,0,212.7, 4, 0.8,0,0,1024,1024,1024,1024,0,0,0,0,233,0.1,-0.2,53,3.81,3.8,0,0,0,0,2.898,100.94,-2.9527231916,-2.952756,33,Confirm_Landing,
217700,2023-06-20 07:11:43,0,0,-2.952756,,,-2.9527231916,0.328084,0,0,0,0,0,7.61,2.9527888084,2.952756,0,0,0,0,0,212.6, 3.9, 0.8,0,0,1024,1024,1024,1024,0,0,0,0,233,0.1,-0.2,53,3.81,3.8,0,0,0,0,2.898,100.94,-2.9527231916,-2.952756,33,Confirm_Landing,
